experiment_id,dataset,seed,model_summary,optimizer,lr,momentum,weight_decay,epochs_trained,best_val_accuracy
E1,EMNIST Balanced,42,MLP 512-256-47,Adam,0.001,0.0,0.0,20,0.8518173758865248,0.4586321541180847
E2,EMNIST Balanced,42,MLP 512-256-47,Adam,0.001,0.0,0.0,20,0.8595301418439716,0.42401402081158146
E3,EMNIST Balanced,42,MLP 512-256-47,Adam,0.001,0.0,0.0,20,0.8524822695035461,0.4479660473816784
E4,EMNIST Balanced,42,MLP 512-256-47,Adam,0.001,0.0,0.0,20,0.8597074468085106,0.42149474980137874
O1,EMNIST Balanced,42,MLP 512-256-47,Adam,0.1,0.0,0.0,8,0.021852836879432624,3.8616263420023818
O2,EMNIST Balanced,42,MLP 512-256-47,Adam,1e-05,0.0,0.0,8,0.5914007092198581,1.5932642617124193
O3,EMNIST Balanced,42,MLP 512-256-47,SGD,0.01,0.9,0.0001,15,0.8483156028368795,0.45625342024979015
