experiment_id,dataset,seed,model_summary,optimizer,lr,momentum,weight_decay,epochs_trained,best_val_accuracy
E1,EMNIST Balanced,42,MLP 512-256-47,Adam,0.001,0.0,0.0,20,0.8518173758865248
E2,EMNIST Balanced,42,MLP 512-256-47,Adam,0.001,0.0,0.0,20,0.8595301418439716
E3,EMNIST Balanced,42,MLP 512-256-47,Adam,0.001,0.0,0.0,20,0.8524822695035461
E4,EMNIST Balanced,42,MLP 512-256-47,Adam,0.001,0.0,0.0,20,0.8597074468085106
O1,EMNIST Balanced,42,MLP 512-256-47,Adam,0.1,0.0,0.0,8,0.022650709219858157
O2,EMNIST Balanced,42,MLP 512-256-47,Adam,1e-05,0.0,0.0,8,0.5900709219858156
O3,EMNIST Balanced,42,MLP 512-256-47,SGD,0.01,0.9,0.0001,15,0.8460992907801419
